{"accuracy_random_forest": 0.9191073919107392, "_timestamp": 1720809381.0883183, "_runtime": 4406.8601603508, "_step": 15, "accuracy_xgboost": 0.9149232914923291, "accuracy_mlp": 0.9135285913528591, "accuracy_cnn": 0.895397489539749, "accuracy_naive_bayes_Joy": 0.9609483960948396, "accuracy_naive_bayes_Trust": 0.7580195258019525, "accuracy_naive_bayes_Anticipation": 0.99302649930265, "accuracy_naive_bayes_Surprise": 0.7580195258019525, "accuracy_naive_bayes_Fear": 0.9693165969316597, "accuracy_naive_bayes_Sadness": 0.9567642956764296, "accuracy_naive_bayes_Disgust": 0.8521617852161785, "accuracy_naive_bayes_Anger": 0.8486750348675035, "accuracy_naive_bayes_Positive": 0.9665271966527197, "accuracy_naive_bayes_Negative": 0.9288702928870293, "accuracy_naive_bayes_Neutral": 0.9532775453277545, "mean_accuracy_naive_bayes": 0.9041460631418791}